Crop,GrowingSeason,SystemName,GrainYield,PlantingDate,HarvestDate
CRN,1996,NT,10488,5/23/1996,10/17/1996
CRN,1996,NT,9722.5,5/23/1996,10/17/1996
CRN,1996,NT,10008,5/23/1996,10/17/1996
CRN,1996,NT,8928.8,5/23/1996,10/17/1996
CRN,1996,CT,10985.3,5/23/1996,10/17/1996
CRN,1996,CT,11893.3,5/23/1996,10/17/1996
CRN,1996,CT,11019.3,5/23/1996,10/17/1996
CRN,1996,CT,8764.4,5/23/1996,10/17/1996
CRN,1996,Org2,8236,6/4/1996,11/6/1996
CRN,1996,Org2,8287.7,6/4/1996,11/6/1996
CRN,1996,Org2,6130,6/4/1996,11/6/1996
CRN,1996,Org2,8151.7,6/4/1996,11/6/1996
CRN,1996,Org3,7549.7,6/4/1996,11/6/1996
CRN,1996,Org3,8236.7,6/4/1996,11/6/1996
CRN,1996,Org3,7707.3,6/4/1996,11/6/1996
CRN,1996,Org3,7043,6/4/1996,11/6/1996
CRN,1996,Org6,6950.1,6/4/1996,11/6/1996
CRN,1996,Org6,6925.2,6/4/1996,11/6/1996
CRN,1996,Org6,7471.8,6/4/1996,11/6/1996
CRN,1996,Org6,9367.6,6/4/1996,11/6/1996
CRN,1997,NT,3631.65,5/5/1997,10/21/1997
CRN,1997,NT,4419,5/5/1997,10/21/1997
CRN,1997,NT,3385.05,5/5/1997,10/21/1997
CRN,1997,CT,3469.49,5/5/1997,10/21/1997
CRN,1997,Org2,2196.82,5/23/1997,11/19/1997
CRN,1997,Org2,2048.51,5/23/1997,11/19/1997
CRN,1997,Org2,754.59,5/23/1997,11/19/1997
CRN,1997,Org2,1665.03,5/23/1997,11/19/1997
CRN,1997,Org3,1328.35,5/23/1997,11/19/1997
CRN,1997,Org3,4627.8,5/23/1997,11/19/1997
CRN,1997,Org3,3160.95,5/23/1997,11/19/1997
CRN,1997,Org3,2024.97,5/23/1997,11/19/1997
CRN,1997,Org6,1761.84,5/23/1997,11/19/1997
CRN,1997,Org6,1942.55,5/23/1997,11/19/1997
CRN,1997,Org6,1412.3,5/23/1997,11/19/1997
CRN,1997,Org6,1952.1,5/23/1997,11/19/1997
CRN,1998,NT,1948.8,5/20/1998,
CRN,1998,NT,2733.7,5/20/1998,
CRN,1998,NT,1651.1,5/20/1998,
CRN,1998,NT,920.3,5/20/1998,
CRN,1998,CT,4547.2,5/20/1998,
CRN,1998,CT,3356.2,5/20/1998,
CRN,1998,CT,2950.2,5/20/1998,
CRN,1998,CT,2408.9,5/20/1998,
CRN,1998,Org2,2463.1,5/21/1998,
CRN,1998,Org2,3058.5,5/21/1998,
CRN,1998,Org2,1461.6,5/21/1998,
CRN,1998,Org2,676.7,5/21/1998,
CRN,1998,Org3,1759.3,5/21/1998,
CRN,1998,Org3,3518.6,5/21/1998,
CRN,1998,Org3,2598.4,5/21/1998,
CRN,1998,Org3,1380.4,5/21/1998,
CRN,1998,Org6,2436,5/21/1998,
CRN,1998,Org6,4060,5/21/1998,
CRN,1998,Org6,3356.2,5/21/1998,
CRN,1998,Org6,1028.5,5/21/1998,
CRN,2000,NT,7489.4,5/5/2000,10/5/2000
CRN,2000,NT,5391.8,5/5/2000,10/5/2000
CRN,2000,NT,8610,5/5/2000,10/5/2000
CRN,2000,NT,8504.4,5/5/2000,10/5/2000
CRN,2000,CT,9231.1,5/5/2000,10/5/2000
CRN,2000,CT,8783.8,5/5/2000,10/5/2000
CRN,2000,CT,9554.4,5/5/2000,10/5/2000
CRN,2000,CT,8782,5/5/2000,10/5/2000
CRN,2000,Org6,7389.2,5/12/2000,10/31/2000
CRN,2000,Org6,8904.9,5/12/2000,10/31/2000
CRN,2000,Org6,8603.6,5/12/2000,10/31/2000
CRN,2000,Org6,7560.7,5/12/2000,10/31/2000
CRN,2000,Org2,7506.9,5/16/2000,10/31/2000
CRN,2000,Org2,7758.9,5/16/2000,10/31/2000
CRN,2000,Org2,7929.3,5/16/2000,10/31/2000
CRN,2000,Org2,7029,5/16/2000,10/31/2000
CRN,2000,Org3,8715.4,5/16/2000,10/31/2000
CRN,2000,Org3,7587.6,5/16/2000,10/31/2000
CRN,2000,Org3,7426.2,5/16/2000,10/31/2000
CRN,2000,Org3,7524.5,5/16/2000,10/31/2000
CRN,2001,NT,7615.7,5/31/2001,10/31/2001
CRN,2001,NT,8098.8,5/31/2001,10/31/2001
CRN,2001,NT,8188.7,5/31/2001,10/31/2001
CRN,2001,NT,7082.3,5/31/2001,10/31/2001
CRN,2001,CT,8228.9,5/31/2001,10/31/2001
CRN,2001,CT,7038.3,5/31/2001,10/31/2001
CRN,2001,CT,8095.8,5/31/2001,10/31/2001
CRN,2001,CT,7869.3,5/31/2001,10/31/2001
CRN,2001,Org2,3537.6,5/31/2001,10/31/2001
CRN,2001,Org2,4914.5,5/31/2001,10/31/2001
CRN,2001,Org3,4957,5/31/2001,10/31/2001
CRN,2001,Org3,4713.9,5/31/2001,10/31/2001
CRN,2001,Org3,5470.4,5/31/2001,10/31/2001
CRN,2001,Org3,4153.1,5/31/2001,10/31/2001
CRN,2001,Org2,5228,6/13/2001,10/31/2001
CRN,2001,Org2,5860.2,6/13/2001,10/31/2001
CRN,2001,Org6,7674.8,6/13/2001,10/31/2001
CRN,2001,Org6,8153.4,6/13/2001,10/31/2001
CRN,2001,Org6,8096.1,6/13/2001,10/31/2001
CRN,2001,Org6,7884.7,6/13/2001,10/31/2001
CRN,2002,NT,3067,5/7/2002,10/1/2002
CRN,2002,NT,4766.5,5/7/2002,10/1/2002
CRN,2002,NT,3638.4,5/7/2002,10/1/2002
CRN,2002,NT,3778.6,5/7/2002,10/1/2002
CRN,2002,CT,3181.8,5/7/2002,10/1/2002
CRN,2002,CT,4396.9,5/7/2002,10/1/2002
CRN,2002,CT,2902.5,5/7/2002,10/1/2002
CRN,2002,CT,2940.5,5/7/2002,10/1/2002
CRN,2002,Org6,1915.4,5/17/2002,10/1/2002
CRN,2002,Org6,1386.3,5/17/2002,10/1/2002
CRN,2002,Org6,476,5/17/2002,10/2/2002
CRN,2002,Org6,141.5,5/17/2002,10/2/2002
CRN,2002,Org2,263.8,5/24/2002,10/1/2002
CRN,2002,Org2,96.9,5/24/2002,10/1/2002
CRN,2002,Org3,853.8,5/24/2002,10/1/2002
CRN,2002,Org3,567.4,5/24/2002,10/1/2002
CRN,2002,Org2,71.9,5/24/2002,10/2/2002
CRN,2002,Org3,626.9,5/24/2002,10/2/2002
CRN,2002,Org3,168.1,5/24/2002,10/2/2002
CRN,2003,NT,3470.1,5/7/2003,10/23/2003
CRN,2003,NT,4425.5,5/7/2003,10/23/2003
CRN,2003,NT,4932.2,5/7/2003,10/23/2003
CRN,2003,NT,4386.4,5/7/2003,10/23/2003
CRN,2003,CT,6008.3,5/7/2003,10/23/2003
CRN,2003,CT,6088.2,5/7/2003,10/23/2003
CRN,2003,CT,5716,5/7/2003,10/23/2003
CRN,2003,CT,4549.1,6/27/2003,10/23/2003
CRN,2003,Org2,1601,6/27/2003,11/15/2003
CRN,2003,Org2,2487.7,6/27/2003,11/15/2003
CRN,2003,Org2,2728.6,6/27/2003,11/15/2003
CRN,2003,Org3,3470.6,6/27/2003,11/15/2003
CRN,2003,Org3,3063,6/27/2003,11/15/2003
CRN,2003,Org3,3151,6/27/2003,11/15/2003
CRN,2003,Org3,2958.6,6/27/2003,11/15/2003
CRN,2003,Org6,2671.5,6/27/2003,11/15/2003
CRN,2003,Org6,2332.1,6/27/2003,11/15/2003
CRN,2003,Org6,3677.5,6/27/2003,11/15/2003
CRN,2003,Org6,2159.4,6/27/2003,11/15/2003
CRN,2004,NT,11901.3,5/6/2004,9/27/2004
CRN,2004,NT,13170.2,5/6/2004,9/27/2004
CRN,2004,NT,12953.9,5/6/2004,9/27/2004
CRN,2004,NT,12069.4,5/6/2004,9/27/2004
CRN,2004,CT,12042.9,5/6/2004,9/27/2004
CRN,2004,CT,12969.6,5/6/2004,9/27/2004
CRN,2004,CT,12843.3,5/6/2004,9/27/2004
CRN,2004,CT,9082.8,5/6/2004,9/27/2004
CRN,2004,Org6,10097.9,5/25/2004,9/27/2004
CRN,2004,Org2,7611.1,5/25/2004,10/8/2004
CRN,2004,Org2,7644.7,5/25/2004,10/8/2004
CRN,2004,Org2,7985.4,5/25/2004,10/8/2004
CRN,2004,Org2,6295.4,5/25/2004,10/8/2004
CRN,2004,Org3,7082,5/25/2004,10/8/2004
CRN,2004,Org3,7844.2,5/25/2004,10/8/2004
CRN,2004,Org3,8744.6,5/25/2004,10/8/2004
CRN,2004,Org3,8634.3,5/25/2004,10/8/2004
CRN,2004,Org6,6980.4,5/25/2004,10/8/2004
CRN,2004,Org6,7503.7,5/25/2004,10/8/2004
CRN,2004,Org6,8739.8,5/25/2004,10/8/2004
CRN,2005,NT,10364.3,5/5/2005,9/21/2005
CRN,2005,NT,10737.7,5/5/2005,9/21/2005
CRN,2005,NT,9694.9,5/5/2005,9/21/2005
CRN,2005,NT,10388.5,5/5/2005,9/21/2005
CRN,2005,CT,9952.7,5/5/2005,9/21/2005
CRN,2005,CT,11188.1,5/5/2005,9/21/2005
CRN,2005,CT,10345.6,5/5/2005,9/21/2005
CRN,2005,CT,10851.1,5/5/2005,9/21/2005
CRN,2005,Org2,6649.6,5/31/2005,10/6/2005
CRN,2005,Org2,6377.6,5/31/2005,10/6/2005
CRN,2005,Org2,5880.4,5/31/2005,10/6/2005
CRN,2005,Org2,5455.4,5/31/2005,10/6/2005
CRN,2005,Org3,8904.6,5/31/2005,10/6/2005
CRN,2005,Org3,8674.9,5/31/2005,10/6/2005
CRN,2005,Org3,8739.6,5/31/2005,10/6/2005
CRN,2005,Org3,9232.8,5/31/2005,10/6/2005
CRN,2005,Org6,9151.8,5/31/2005,10/6/2005
CRN,2005,Org6,7121.7,5/31/2005,10/6/2005
CRN,2005,Org6,9255.2,5/31/2005,10/6/2005
CRN,2005,Org6,9347.8,5/31/2005,10/6/2005
CRN,2006,NT,5110.2,5/9/2006,10/3/2006
CRN,2006,NT,6680.7,5/9/2006,10/3/2006
CRN,2006,NT,2704.6,5/9/2006,10/3/2006
CRN,2006,NT,2067.9,5/9/2006,10/3/2006
CRN,2006,CT,5394.1,5/9/2006,10/3/2006
CRN,2006,CT,4640,5/9/2006,10/3/2006
CRN,2006,CT,4781.7,5/9/2006,10/3/2006
CRN,2006,CT,5023.5,5/9/2006,10/3/2006
CRN,2006,Org2,5982.7,5/25/2006,10/3/2006
CRN,2006,Org2,4723.6,5/25/2006,10/3/2006
CRN,2006,Org2,4735.5,5/25/2006,10/3/2006
CRN,2006,Org2,2869.8,5/25/2006,10/3/2006
CRN,2006,Org3,669.2,5/25/2006,10/3/2006
CRN,2006,Org3,3527.5,5/25/2006,10/3/2006
CRN,2006,Org3,1768.8,5/25/2006,10/3/2006
CRN,2006,Org3,2742.3,5/25/2006,10/3/2006
CRN,2006,Org6,1097.5,5/25/2006,10/3/2006
CRN,2006,Org6,3399.6,5/25/2006,10/3/2006
CRN,2006,Org6,2623.2,5/25/2006,10/3/2006
CRN,2006,Org6,2067.7,5/25/2006,10/3/2006
CRN,2007,NT,1063.8,5/2/2007,10/16/2007
CRN,2007,NT,1907.3,5/2/2007,10/17/2007
CRN,2007,NT,754.6,5/2/2007,10/18/2007
CRN,2007,NT,809.1,5/2/2007,10/19/2007
CRN,2007,CT,726.2,5/2/2007,10/20/2007
CRN,2007,CT,1545.6,5/2/2007,10/21/2007
CRN,2007,CT,904.8,5/2/2007,10/22/2007
CRN,2007,CT,1029.9,5/2/2007,10/23/2007
CRN,2007,Org2,1122.4,5/23/2007,10/24/2007
CRN,2007,Org2,1229.4,5/23/2007,10/25/2007
CRN,2007,Org2,111.6,5/23/2007,10/26/2007
CRN,2007,Org2,195.3,5/23/2007,10/27/2007
CRN,2007,Org3,223.2,5/23/2007,10/28/2007
CRN,2007,Org3,783.9,5/23/2007,10/29/2007
CRN,2007,Org3,195.3,5/23/2007,10/30/2007
CRN,2007,Org3,223.2,5/23/2007,10/31/2007
CRN,2007,Org6,362.7,5/23/2007,11/1/2007
CRN,2007,Org6,867.9,5/23/2007,11/2/2007
CRN,2007,Org6,495.7,5/23/2007,11/3/2007
CRN,2007,Org6,195.3,5/23/2007,11/4/2007
CRN,2008,NT,5744,5/27/2008,10/10/2008
CRN,2008,NT,8836,5/27/2008,10/10/2008
CRN,2008,NT,7345,5/27/2008,10/10/2008
CRN,2008,NT,8174,5/27/2008,10/10/2008
CRN,2008,CT,5768,5/29/2008,10/10/2008
CRN,2008,CT,8601,5/29/2008,10/10/2008
CRN,2008,CT,6975,5/29/2008,10/10/2008
CRN,2008,CT,6584,5/29/2008,10/10/2008
CRN,2008,Org2,6763,6/3/2008,10/10/2008
CRN,2008,Org2,4898,6/3/2008,10/10/2008
CRN,2008,Org2,4917,6/3/2008,10/10/2008
CRN,2008,Org2,4558,6/3/2008,10/10/2008
CRN,2008,Org3,5280,6/3/2008,10/10/2008
CRN,2008,Org3,6757,6/3/2008,10/10/2008
CRN,2008,Org3,6217,6/3/2008,10/10/2008
CRN,2008,Org3,5370,6/3/2008,10/10/2008
CRN,2008,Org6,5947,6/3/2008,10/10/2008
CRN,2008,Org6,6224,6/3/2008,10/10/2008
CRN,2008,Org6,7371,6/3/2008,10/10/2008
CRN,2008,Org6,5185,6/3/2008,10/10/2008
CRN,2009,NT,8646,6/25/2009,1/6/2010
CRN,2009,NT,9218,6/25/2009,1/7/2010
CRN,2009,NT,7167,6/25/2009,1/11/2010
CRN,2009,NT,8698,6/25/2009,1/11/2010
CRN,2009,CT,7975,6/29/2009,1/6/2010
CRN,2009,Org2,5878,6/29/2009,1/6/2010
CRN,2009,Org3,5897,6/29/2009,1/6/2010
CRN,2009,Org6,6082,6/29/2009,1/6/2010
CRN,2009,CT,8361,6/29/2009,1/7/2010
CRN,2009,Org2,5355,6/29/2009,1/7/2010
CRN,2009,Org3,6107,6/29/2009,1/7/2010
CRN,2009,Org6,6678,6/29/2009,1/7/2010
CRN,2009,CT,7139,6/29/2009,1/11/2010
CRN,2009,CT,8303,6/29/2009,1/11/2010
CRN,2009,Org2,6163,6/29/2009,1/11/2010
CRN,2009,Org2,5912,6/29/2009,1/11/2010
CRN,2009,Org3,5438,6/29/2009,1/11/2010
CRN,2009,Org3,5675,6/29/2009,1/11/2010
CRN,2009,Org6,6584,6/29/2009,1/11/2010
CRN,2009,Org6,6424,6/29/2009,1/11/2010
CRN,2010,NT,6723,5/6/2010,10/22/2010
CRN,2010,NT,7201,5/6/2010,10/22/2010
CRN,2010,NT,5133,5/6/2010,10/22/2010
CRN,2010,NT,4417,5/6/2010,10/22/2010
CRN,2010,CT,5635,5/6/2010,10/22/2010
CRN,2010,CT,4960,5/6/2010,10/22/2010
CRN,2010,CT,4130,5/6/2010,10/22/2010
CRN,2010,CT,3765,5/6/2010,10/22/2010
CRN,2010,Org2,3487,5/22/2010,10/24/2010
CRN,2010,Org2,3391,5/22/2010,10/24/2010
CRN,2010,Org2,2800,5/22/2010,10/24/2010
CRN,2010,Org2,2242,5/22/2010,10/24/2010
CRN,2010,Org3,648,5/22/2010,10/24/2010
CRN,2010,Org3,1502,5/22/2010,10/24/2010
CRN,2010,Org3,1317,5/22/2010,10/24/2010
CRN,2010,Org3,1166,5/22/2010,10/24/2010
CRN,2010,Org6,2748,5/22/2010,10/24/2010
CRN,2010,Org6,1584,5/22/2010,10/24/2010
CRN,2010,Org6,2154,5/22/2010,10/24/2010
CRN,2010,Org6,4181,5/22/2010,10/24/2010
CRN,2011,NT,2235,5/11/2011,10/24/2011
CRN,2011,NT,3604,5/11/2011,10/24/2011
CRN,2011,NT,2668,5/11/2011,10/24/2011
CRN,2011,NT,4347,5/11/2011,10/24/2011
CRN,2011,CT,2650,5/11/2011,10/25/2011
CRN,2011,CT,4668,5/11/2011,10/25/2011
CRN,2011,CT,2779,5/11/2011,10/25/2011
CRN,2011,CT,4253,5/11/2011,10/25/2011
CRN,2011,Org2,1781,5/27/2011,10/26/2011
CRN,2011,Org3,506,5/27/2011,10/26/2011
CRN,2011,Org6,1093,5/27/2011,10/26/2011
CRN,2011,Org2,2796,5/27/2011,10/31/2011
CRN,2011,Org2,435,5/27/2011,10/31/2011
CRN,2011,Org3,2701,5/27/2011,10/31/2011
CRN,2011,Org3,477,5/27/2011,10/31/2011
CRN,2011,Org6,3458,5/27/2011,10/31/2011
CRN,2011,Org6,855,5/27/2011,10/31/2011
CRN,2011,Org2,620,5/27/2011,11/1/2011
CRN,2011,Org3,1999,5/27/2011,11/1/2011
CRN,2011,Org6,2506,5/27/2011,11/1/2011
CRN,2012,NT,6057,5/7/2012,10/22/2012
CRN,2012,CT,4587,5/7/2012,10/22/2012
CRN,2012,NT,6056,5/7/2012,10/23/2012
CRN,2012,NT,4406,5/7/2012,10/23/2012
CRN,2012,CT,4568,5/7/2012,10/23/2012
CRN,2012,CT,2838,5/7/2012,10/23/2012
CRN,2012,NT,5030,5/7/2012,10/24/2012
CRN,2012,CT,3395,5/7/2012,10/24/2012
CRN,2012,Org2,4591,5/19/2012,10/22/2012
CRN,2012,Org3,1491,5/19/2012,10/22/2012
CRN,2012,Org6,3609,5/19/2012,10/22/2012
CRN,2012,Org2,4523,5/19/2012,10/23/2012
CRN,2012,Org2,2633,5/19/2012,10/23/2012
CRN,2012,Org3,3092,5/19/2012,10/23/2012
CRN,2012,Org3,2341,5/19/2012,10/23/2012
CRN,2012,Org6,4300,5/19/2012,10/23/2012
CRN,2012,Org6,4006,5/19/2012,10/23/2012
CRN,2012,Org2,1211,5/19/2012,10/24/2012
CRN,2012,Org3,2802,5/19/2012,10/24/2012
CRN,2012,Org6,3029,5/19/2012,10/24/2012
CRN,2013,NT,11224,5/16/2013,10/25/2013
CRN,2013,CT,11420,5/16/2013,10/25/2013
CRN,2013,NT,11333,5/16/2013,10/26/2013
CRN,2013,NT,11282,5/16/2013,10/26/2013
CRN,2013,NT,11380,5/16/2013,10/26/2013
CRN,2013,CT,11496,5/16/2013,10/26/2013
CRN,2013,CT,11147,5/16/2013,10/26/2013
CRN,2013,CT,11104,5/16/2013,10/26/2013
CRN,2013,Org2,8892,5/31/2013,10/25/2013
CRN,2013,Org2,7707,5/31/2013,10/25/2013
CRN,2013,Org3,10246,5/31/2013,10/25/2013
CRN,2013,Org6,11459,5/31/2013,10/25/2013
CRN,2013,Org2,7393,5/31/2013,10/26/2013
CRN,2013,Org2,9445,5/31/2013,10/26/2013
CRN,2013,Org3,9204,5/31/2013,10/26/2013
CRN,2013,Org3,9308,5/31/2013,10/26/2013
CRN,2013,Org3,9626,5/31/2013,10/26/2013
CRN,2013,Org6,9912,5/31/2013,10/26/2013
CRN,2013,Org6,9788,5/31/2013,10/26/2013
CRN,2013,Org6,8078,5/31/2013,10/26/2013
CRN,2014,NT,11801,6/4/2014,10/27/2014
CRN,2014,CT,10025,6/4/2014,10/27/2014
CRN,2014,NT,12642,6/4/2014,10/28/2014
CRN,2014,CT,12358,6/4/2014,10/28/2014
CRN,2014,NT,12717,6/4/2014,10/29/2014
CRN,2014,CT,12544,6/4/2014,10/29/2014
CRN,2014,NT,11679,6/4/2014,10/31/2014
CRN,2014,CT,12002,6/4/2014,10/31/2014
CRN,2014,ORG2,8123,6/16/2014,10/27/2014
CRN,2014,ORG3,7612,6/16/2014,10/27/2014
CRN,2014,ORG6,7228,6/16/2014,10/27/2014
CRN,2014,ORG2,8825,6/16/2014,10/28/2014
CRN,2014,ORG3,9465,6/16/2014,10/28/2014
CRN,2014,ORG6,5727,6/16/2014,10/28/2014
CRN,2014,ORG2,8108,6/16/2014,10/29/2014
CRN,2014,ORG3,8613,6/16/2014,10/29/2014
CRN,2014,ORG6,7415,6/16/2014,10/29/2014
CRN,2014,ORG2,7551,6/16/2014,10/31/2014
CRN,2014,ORG3,9737,6/16/2014,10/31/2014
CRN,2014,ORG6,8915,6/16/2014,10/31/2014
CRN,2015,CT,11622,5/8/2015,9/23/2015
CRN,2015,CT,10366,5/8/2015,9/23/2015
CRN,2015,NT,10451,5/8/2015,9/23/2015
CRN,2015,NT,9814,5/8/2015,9/23/2015
CRN,2015,CT,9404,5/8/2015,9/24/2015
CRN,2015,CT,10216,5/8/2015,9/24/2015
CRN,2015,NT,9443,5/8/2015,9/24/2015
CRN,2015,NT,7981,5/8/2015,9/24/2015
CRN,2015,ORG2,3120,5/29/2015,9/25/2015
CRN,2015,ORG2,4574,5/29/2015,10/12/2015
CRN,2015,ORG2,3031,5/29/2015,10/12/2015
CRN,2015,ORG2,2148,5/29/2015,10/12/2015
CRN,2015,ORG3,4382,5/29/2015,10/12/2015
CRN,2015,ORG3,6570,5/29/2015,10/12/2015
CRN,2015,ORG3,5712,5/29/2015,10/12/2015
CRN,2015,ORG3,6337,5/29/2015,10/12/2015
CRN,2016,CT,8564,6/3/2016,10/15/2016
CRN,2016,NT,10406,6/3/2016,10/15/2016
CRN,2016,CT,8514,6/3/2016,10/16/2016
CRN,2016,NT,10324,6/3/2016,10/16/2016
CRN,2016,NT,10171,6/3/2016,10/17/2016
CRN,2016,CT,9585,6/3/2016,10/17/2016
CRN,2016,CT,7332,6/3/2016,10/18/2016
CRN,2016,NT,8587,6/3/2016,10/18/2016
CRN,2016,ORG2,7697,6/9/2016,10/15/2016
CRN,2016,ORG6,6663,6/9/2016,10/15/2016
CRN,2016,ORG3,5426,6/9/2016,10/15/2016
CRN,2016,ORG6,7717,6/9/2016,10/16/2016
CRN,2016,ORG2,7210,6/9/2016,10/16/2016
CRN,2016,ORG3,7307,6/9/2016,10/16/2016
CRN,2016,ORG3,6045,6/9/2016,10/17/2016
CRN,2016,ORG6,7943,6/9/2016,10/17/2016
CRN,2016,ORG2,7818,6/9/2016,10/17/2016
CRN,2016,ORG6,9300,6/9/2016,10/18/2016
CRN,2016,ORG3,5600,6/9/2016,10/18/2016
CRN,2016,ORG2,5815,6/9/2016,10/18/2016
SOY,1996,CT,3223.9,7/6/1996,11/13/1996
SOY,1996,CT,3626.5,7/6/1996,11/13/1996
SOY,1996,CT,3408,7/6/1996,11/13/1996
SOY,1996,CT,3020,7/6/1996,11/13/1996
SOY,1996,NT,3189.7,7/7/1996,11/13/1996
SOY,1996,NT,3543.5,7/7/1996,11/13/1996
SOY,1996,NT,3522.3,7/7/1996,11/13/1996
SOY,1996,NT,3238.5,7/7/1996,11/13/1996
SOY,1997,NT,3753.3,5/23/1997,10/31/1997
SOY,1997,NT,2322.8,5/23/1997,10/31/1997
SOY,1997,CT,2086.6,5/23/1997,10/31/1997
SOY,1997,CT,1851.5,5/23/1997,10/31/1997
SOY,1998,NT,628.2,7/6/1998,
SOY,1998,NT,1239.9,7/6/1998,
SOY,1998,NT,1060.2,7/6/1998,
SOY,1998,NT,1165.1,7/6/1998,
SOY,1998,CT,255.4,7/6/1998,
SOY,1998,CT,398.7,7/6/1998,
SOY,1998,CT,883.7,7/6/1998,
SOY,1998,CT,546.2,7/6/1998,
SOY,2000,NT,2715.7,7/8/2000,11/2/2000
SOY,2000,NT,2652.5,7/8/2000,11/2/2000
SOY,2000,NT,2589.4,7/8/2000,11/2/2000
SOY,2000,NT,2345.8,7/8/2000,11/2/2000
SOY,2000,CT,2887.1,7/8/2000,11/2/2000
SOY,2000,CT,2048.1,7/8/2000,11/2/2000
SOY,2000,CT,2408.9,7/8/2000,11/2/2000
SOY,2000,CT,2390.9,7/8/2000,11/2/2000
SOY,2001,NT,1146.1,7/16/2001,11/2/2001
SOY,2001,NT,1082.4,7/16/2001,11/2/2001
SOY,2001,NT,1436.9,7/16/2001,11/2/2001
SOY,2001,NT,2081.9,7/16/2001,11/2/2001
SOY,2001,CT,971.6,7/16/2001,11/2/2001
SOY,2001,CT,1706,7/16/2001,11/2/2001
SOY,2001,CT,1099.1,7/16/2001,11/2/2001
SOY,2001,CT,1350,7/16/2001,11/2/2001
SOY,2002,NT,1635.6,6/28/2002,11/8/2002
SOY,2002,NT,1483.9,6/28/2002,11/8/2002
SOY,2002,CT,1980.5,6/28/2002,11/8/2002
SOY,2002,CT,1998.1,6/28/2002,11/8/2002
SOY,2002,NT,2059.3,6/28/2002,11/15/2002
SOY,2002,NT,2127.3,6/28/2002,11/15/2002
SOY,2002,CT,1648.4,6/28/2002,11/15/2002
SOY,2002,CT,1979.4,6/28/2002,11/15/2002
SOY,2005,NT,2213.2,7/7/2005,11/3/2005
SOY,2005,NT,2216.7,7/7/2005,11/3/2005
SOY,2005,NT,2095.3,7/7/2005,11/3/2005
SOY,2005,NT,1500,7/7/2005,11/3/2005
SOY,2005,CT,2142,7/7/2005,11/3/2005
SOY,2005,CT,2158.7,7/7/2005,11/3/2005
SOY,2005,CT,2167.1,7/7/2005,11/3/2005
SOY,2005,CT,2014.4,7/7/2005,11/3/2005
SOY,2006,NT,2419.9,7/17/2006,11/6/2006
SOY,2006,NT,2803.2,7/17/2006,11/6/2006
SOY,2006,NT,2181.8,7/17/2006,11/6/2006
SOY,2006,NT,2294.1,7/17/2006,11/6/2006
SOY,2006,CT,1585.5,7/17/2006,11/6/2006
SOY,2006,CT,2163,7/17/2006,11/6/2006
SOY,2006,CT,2252.4,7/17/2006,11/6/2006
SOY,2006,CT,2018.5,7/17/2006,11/6/2006
SOY,2008,NT,2582,7/2/2008,10/23/2008
SOY,2008,NT,2797,7/2/2008,10/23/2008
SOY,2008,NT,2760,7/2/2008,10/23/2008
SOY,2008,NT,2620,7/2/2008,10/23/2008
SOY,2008,CT,2676,7/2/2008,10/23/2008
SOY,2008,CT,2406,7/2/2008,10/23/2008
SOY,2008,CT,2823,7/2/2008,10/23/2008
SOY,2008,CT,2766,7/2/2008,10/23/2008
SOY,2009,CT,2846,7/6/2009,11/9/2009
SOY,2009,NT,3019,7/6/2009,11/10/2009
SOY,2009,CT,2270,7/6/2009,11/10/2009
SOY,2009,NT,2717,7/6/2009,12/18/2009
SOY,2009,CT,2165,7/6/2009,12/18/2009
SOY,2009,CT,1912,7/6/2009,12/18/2009
SOY,2009,NT,2638,7/8/2009,12/18/2009
SOY,2010,NT,1694,6/22/2010,11/12/2010
SOY,2010,NT,2145,6/22/2010,11/12/2010
SOY,2010,NT,2010,6/22/2010,11/12/2010
SOY,2010,NT,1699,6/22/2010,11/12/2010
SOY,2010,CT,1398,6/22/2010,11/12/2010
SOY,2010,CT,1905,6/22/2010,11/12/2010
SOY,2010,CT,1492,6/22/2010,11/12/2010
SOY,2010,CT,1566,6/22/2010,11/12/2010
SOY,2011,NT,2003,5/27/2011,11/13/2011
SOY,2011,NT,1637,5/27/2011,11/13/2011
SOY,2011,CT,1498,5/27/2011,11/13/2011
SOY,2011,CT,2271,5/27/2011,11/13/2011
SOY,2011,CT,953,5/27/2011,11/13/2011
SOY,2011,NT,1627,5/27/2011,11/14/2011
SOY,2011,NT,1824,5/27/2011,11/14/2011
SOY,2011,CT,1325,5/27/2011,11/14/2011
SOY,2012,NT,2334,5/8/2012,10/13/2012
SOY,2012,NT,2477,5/8/2012,10/13/2012
SOY,2012,NT,2251,5/8/2012,10/13/2012
SOY,2012,NT,2334,5/8/2012,10/13/2012
SOY,2012,CT,2206,5/8/2012,10/13/2012
SOY,2012,CT,2380,5/8/2012,10/13/2012
SOY,2012,CT,2214,5/8/2012,10/13/2012
SOY,2012,CT,2176,5/8/2012,10/13/2012
SOY,2013,NT,3043,5/21/2013,11/11/2013
SOY,2013,NT,2622,5/21/2013,11/11/2013
SOY,2013,NT,3240,5/21/2013,11/11/2013
SOY,2013,NT,2712,5/21/2013,11/11/2013
SOY,2013,CT,2676,5/21/2013,11/11/2013
SOY,2013,CT,2784,5/21/2013,11/11/2013
SOY,2013,CT,2428,5/21/2013,11/11/2013
SOY,2013,CT,2633,5/21/2013,11/11/2013
SOY,2015,CT,894,7/14/2015,11/4/2015
SOY,2015,CT,1001,7/14/2015,11/4/2015
SOY,2015,CT,1158,7/14/2015,11/4/2015
SOY,2015,NT,1630,7/14/2015,11/4/2015
SOY,2015,NT,1521,7/14/2015,11/4/2015
SOY,2015,NT,1332,7/14/2015,11/4/2015
SOY,2015,CT,737,7/14/2015,11/16/2015
SOY,2015,NT,1001,7/14/2015,11/16/2015
SOY,2016,CT,1805,7/14/2016,10/27/2016
SOY,2016,NT,2367,7/14/2016,10/27/2016
SOY,2016,CT,2637,7/14/2016,10/27/2016
SOY,2016,NT,3236,7/14/2016,10/27/2016
SOY,2016,NT,3071,7/14/2016,10/27/2016
SOY,2016,CT,2635,7/14/2016,10/27/2016
SOY,2016,NT,3119,7/14/2016,10/27/2016
SOY,2016,CT,2326,7/14/2016,10/27/2016
SOY,1996,Org2,4549.5,5/23/1996,10/4/1996
SOY,1996,Org2,4782.6,5/23/1996,10/4/1996
SOY,1996,Org2,4113.3,5/23/1996,10/4/1996
SOY,1996,Org2,4665.1,5/23/1996,10/4/1996
SOY,1996,Org3,4879,5/23/1996,10/4/1996
SOY,1996,Org3,4996.7,5/23/1996,10/4/1996
SOY,1996,Org3,4859.7,5/23/1996,10/4/1996
SOY,1996,Org3,4983.2,5/23/1996,10/4/1996
SOY,1996,Org6,4753,5/23/1996,10/4/1996
SOY,1996,Org6,4698.8,5/23/1996,10/4/1996
SOY,1996,Org6,4612,5/23/1996,10/4/1996
SOY,1996,Org6,4582.5,5/23/1996,10/4/1996
SOY,1997,Org2,2639.8,5/8/1997,10/13/1997
SOY,1997,Org2,2874.6,5/8/1997,10/13/1997
SOY,1997,Org2,2467.2,5/8/1997,10/13/1997
SOY,1997,Org2,2440.9,5/8/1997,10/13/1997
SOY,1997,Org3,2195.9,5/8/1997,10/13/1997
SOY,1997,Org3,2823,5/8/1997,10/13/1997
SOY,1997,Org3,2519.7,5/8/1997,10/13/1997
SOY,1997,Org3,1900.3,5/8/1997,10/13/1997
SOY,1997,Org6,1233.6,5/8/1997,10/13/1997
SOY,1997,Org6,2309.7,5/8/1997,10/13/1997
SOY,1997,Org6,2489.9,5/8/1997,10/13/1997
SOY,1997,Org6,2006.1,5/8/1997,10/13/1997
SOY,1998,Org2,2305.3,5/20/1998,
SOY,1998,Org2,2720.6,5/20/1998,
SOY,1998,Org2,2014.5,5/20/1998,
SOY,1998,Org2,2139.1,5/20/1998,
SOY,1998,Org3,1474.5,5/20/1998,
SOY,1998,Org3,2201.4,5/20/1998,
SOY,1998,Org3,2056,5/20/1998,
SOY,1998,Org3,2035.3,5/20/1998,
SOY,1998,Org6,2326,5/20/1998,
SOY,1998,Org6,2575.2,5/20/1998,
SOY,1998,Org6,2450.6,5/20/1998,
SOY,1998,Org6,2242.9,5/20/1998,
SOY,2000,Org2,4595.3,5/12/2000,10/16/2000
SOY,2000,Org3,5198.7,5/12/2000,10/16/2000
SOY,2000,Org6,4819.7,5/12/2000,10/16/2000
SOY,2000,Org2,4805,5/12/2000,10/21/2000
SOY,2000,Org2,4600.6,5/12/2000,10/21/2000
SOY,2000,Org2,5028.4,5/12/2000,10/21/2000
SOY,2000,Org3,4751.3,5/12/2000,10/21/2000
SOY,2000,Org3,4774.2,5/12/2000,10/21/2000
SOY,2000,Org3,4907,5/12/2000,10/21/2000
SOY,2000,Org6,4665.3,5/12/2000,10/21/2000
SOY,2000,Org6,4758.1,5/12/2000,10/21/2000
SOY,2000,Org6,4860,5/12/2000,10/21/2000
SOY,2001,NT,4447.5,5/30/2001,10/19/2001
SOY,2001,NT,4161.4,5/30/2001,10/19/2001
SOY,2001,NT,4397.6,5/30/2001,10/19/2001
SOY,2001,NT,4226.5,5/30/2001,10/19/2001
SOY,2001,CT,4291.1,5/30/2001,10/19/2001
SOY,2001,CT,3798.4,5/30/2001,10/19/2001
SOY,2001,CT,4390.6,5/30/2001,10/19/2001
SOY,2001,CT,4476.5,5/30/2001,10/19/2001
SOY,2001,Org2,4342.3,5/30/2001,10/19/2001
SOY,2001,Org2,3183,5/30/2001,10/19/2001
SOY,2001,Org2,3340.2,5/30/2001,10/19/2001
SOY,2001,Org2,3467.1,5/30/2001,10/19/2001
SOY,2001,Org3,2999.3,5/30/2001,10/19/2001
SOY,2001,Org3,3464,5/30/2001,10/19/2001
SOY,2001,Org3,3464.3,5/30/2001,10/19/2001
SOY,2001,Org3,3184.7,5/30/2001,10/19/2001
SOY,2001,Org6,2391.4,5/30/2001,10/19/2001
SOY,2001,Org6,2843.8,5/30/2001,10/19/2001
SOY,2001,Org6,3999.7,5/30/2001,10/19/2001
SOY,2001,Org6,3117.4,5/30/2001,10/19/2001
SOY,2002,Org3,687.5,5/21/2002,10/24/2002
SOY,2002,Org6,1014.8,5/21/2002,10/24/2002
SOY,2002,Org2,804.2,5/21/2002,10/25/2002
SOY,2002,Org2,590.3,5/21/2002,10/25/2002
SOY,2002,Org3,1132.9,5/21/2002,10/25/2002
SOY,2002,Org6,1368.1,5/21/2002,10/25/2002
SOY,2002,Org2,607.3,5/21/2002,10/30/2002
SOY,2002,Org2,702.8,5/21/2002,10/30/2002
SOY,2002,Org3,738.6,5/21/2002,10/30/2002
SOY,2002,Org3,904.8,5/21/2002,10/30/2002
SOY,2002,Org6,1153.6,5/21/2002,10/30/2002
SOY,2002,Org6,1535,5/21/2002,10/30/2002
SOY,2002,NT,1368.6,5/21/2002,11/8/2002
SOY,2002,NT,1562.1,5/21/2002,11/8/2002
SOY,2002,CT,2405,5/21/2002,11/8/2002
SOY,2002,CT,1812.5,5/21/2002,11/8/2002
SOY,2002,NT,2149,5/21/2002,11/15/2002
SOY,2002,NT,1935.6,5/21/2002,11/15/2002
SOY,2002,CT,1640.5,5/21/2002,11/15/2002
SOY,2002,CT,2346,5/21/2002,11/15/2002
SOY,2003,NT,3264.7,5/7/2003,10/24/2003
SOY,2003,NT,4488.7,5/7/2003,10/24/2003
SOY,2003,NT,4183.7,5/7/2003,10/24/2003
SOY,2003,NT,4358,5/7/2003,10/24/2003
SOY,2003,NT,4291,5/7/2003,10/24/2003
SOY,2003,NT,4887.7,5/7/2003,10/24/2003
SOY,2003,NT,4012.4,5/7/2003,10/24/2003
SOY,2003,NT,2890.3,5/7/2003,10/24/2003
SOY,2003,CT,3327.5,5/7/2003,10/24/2003
SOY,2003,CT,4463.5,5/7/2003,10/24/2003
SOY,2003,CT,2946.1,5/7/2003,10/24/2003
SOY,2003,CT,3756.7,5/7/2003,10/24/2003
SOY,2003,CT,3595.8,5/7/2003,10/24/2003
SOY,2003,CT,2815.1,5/7/2003,10/24/2003
SOY,2003,CT,3368.4,5/7/2003,10/24/2003
SOY,2003,CT,2840.4,5/7/2003,10/24/2003
SOY,2003,Org2,2273.1,6/27/2003,11/15/2003
SOY,2003,Org2,2482,6/27/2003,11/15/2003
SOY,2003,Org2,2345,6/27/2003,11/15/2003
SOY,2003,Org3,2896,6/27/2003,11/15/2003
SOY,2003,Org3,2978.7,6/27/2003,11/15/2003
SOY,2003,Org3,3045,6/27/2003,11/15/2003
SOY,2003,Org3,2987.8,6/27/2003,11/15/2003
SOY,2003,Org6,3097.1,6/27/2003,11/15/2003
SOY,2003,Org6,2964.1,6/27/2003,11/15/2003
SOY,2003,Org6,3139.9,6/27/2003,11/15/2003
SOY,2003,Org6,2602.5,6/27/2003,11/15/2003
SOY,2004,NT,4066.3,5/7/2004,10/18/2004
SOY,2004,NT,4011.9,5/7/2004,10/18/2004
SOY,2004,NT,4266.7,5/7/2004,10/18/2004
SOY,2004,NT,4140.4,5/7/2004,10/18/2004
SOY,2004,NT,4227.7,5/7/2004,10/18/2004
SOY,2004,NT,4177.2,5/7/2004,10/18/2004
SOY,2004,NT,4201.9,5/7/2004,10/18/2004
SOY,2004,NT,3107.3,5/7/2004,10/18/2004
SOY,2004,CT,3628.8,5/7/2004,10/18/2004
SOY,2004,CT,3629.3,5/7/2004,10/18/2004
SOY,2004,CT,3702.6,5/7/2004,10/18/2004
SOY,2004,CT,3215.7,5/7/2004,10/18/2004
SOY,2004,CT,3721.3,5/7/2004,10/18/2004
SOY,2004,CT,4031.2,5/7/2004,10/18/2004
SOY,2004,CT,3646.7,5/7/2004,10/18/2004
SOY,2004,CT,3447.8,5/7/2004,10/18/2004
SOY,2004,Org2,2639.1,5/25/2004,11/8/2004
SOY,2004,Org3,3016.1,5/25/2004,11/8/2004
SOY,2004,Org6,3808.9,5/25/2004,11/8/2004
SOY,2004,Org2,4005.9,5/25/2004,11/10/2004
SOY,2004,Org2,3689.8,5/25/2004,11/10/2004
SOY,2004,Org2,3840.6,5/25/2004,11/10/2004
SOY,2004,Org3,3719,5/25/2004,11/10/2004
SOY,2004,Org3,3997.9,5/25/2004,11/10/2004
SOY,2004,Org3,4226.3,5/25/2004,11/10/2004
SOY,2004,Org6,3776.9,5/25/2004,11/10/2004
SOY,2004,Org6,3234.8,5/25/2004,11/10/2004
SOY,2004,Org6,3811.8,5/25/2004,11/10/2004
SOY,2005,NT,4618.5,5/5/2005,10/13/2005
SOY,2005,NT,4562.4,5/5/2005,10/13/2005
SOY,2005,NT,4039,5/5/2005,10/13/2005
SOY,2005,NT,4168.2,5/5/2005,10/13/2005
SOY,2005,CT,4269.2,5/5/2005,10/13/2005
SOY,2005,CT,4293.4,5/5/2005,10/13/2005
SOY,2005,CT,4014,5/5/2005,10/13/2005
SOY,2005,CT,4043.5,5/5/2005,10/13/2005
SOY,2005,Org2,4485.9,5/31/2005,10/13/2005
SOY,2005,Org2,4094.3,5/31/2005,10/13/2005
SOY,2005,Org2,3178.1,5/31/2005,10/13/2005
SOY,2005,Org2,3112.4,5/31/2005,10/13/2005
SOY,2005,Org3,3950.6,5/31/2005,10/13/2005
SOY,2005,Org3,3763.7,5/31/2005,10/13/2005
SOY,2005,Org3,2693.7,5/31/2005,10/13/2005
SOY,2005,Org3,3054.1,5/31/2005,10/13/2005
SOY,2005,Org6,4283.1,5/31/2005,10/13/2005
SOY,2005,Org6,3911.2,5/31/2005,10/13/2005
SOY,2005,Org6,4343,5/31/2005,10/13/2005
SOY,2005,Org6,3603.6,6/24/2005,10/13/2005
SOY,2006,NT,1138.7,5/9/2006,10/27/2006
SOY,2006,NT,1152.8,5/9/2006,10/27/2006
SOY,2006,NT,1479.4,5/9/2006,10/27/2006
SOY,2006,CT,1826.7,5/9/2006,10/27/2006
SOY,2006,CT,2458,5/9/2006,10/27/2006
SOY,2006,CT,2061.6,5/9/2006,10/27/2006
SOY,2006,Org2,1797.3,5/25/2006,9/27/2006
SOY,2006,Org2,1776.4,5/25/2006,9/27/2006
SOY,2006,Org2,1630.1,5/25/2006,9/27/2006
SOY,2006,Org2,1525.7,5/25/2006,9/27/2006
SOY,2006,Org3,1568.1,5/25/2006,9/27/2006
SOY,2006,Org3,1964.5,5/25/2006,9/27/2006
SOY,2006,Org3,1943.6,5/25/2006,9/27/2006
SOY,2006,Org3,1776.4,5/25/2006,9/27/2006
SOY,2006,Org6,1986.2,5/25/2006,9/27/2006
SOY,2006,Org6,2298.9,5/25/2006,9/27/2006
SOY,2006,Org6,1609.2,5/25/2006,9/27/2006
SOY,2006,Org6,1463,5/25/2006,9/27/2006
SOY,2007,Org2,427.5,5/4/2007,10/3/2007
SOY,2007,Org2,209.4,5/4/2007,
SOY,2007,Org2,226,5/4/2007,
SOY,2007,Org2,224.8,5/4/2007,
SOY,2007,Org3,204.5,5/4/2007,
SOY,2007,Org3,207.5,5/4/2007,
SOY,2007,Org3,272.4,5/4/2007,
SOY,2007,Org3,206.4,5/4/2007,
SOY,2007,Org6,165.2,5/4/2007,
SOY,2007,Org6,218.8,5/4/2007,
SOY,2007,Org6,209,5/4/2007,
SOY,2007,Org6,226,5/4/2007,
SOY,2007,NT,289.5,5/7/2007,10/3/2007
SOY,2007,NT,837.5,5/7/2007,10/3/2007
SOY,2007,NT,1169.4,5/7/2007,10/3/2007
SOY,2007,NT,344.4,5/7/2007,10/3/2007
SOY,2007,NT,858.9,5/7/2007,10/3/2007
SOY,2007,CT,754.7,5/7/2007,10/3/2007
SOY,2007,CT,1040.9,5/7/2007,10/3/2007
SOY,2007,CT,927.8,5/7/2007,10/3/2007
SOY,2007,NT,1064.3,5/7/2007,10/17/2007
SOY,2007,NT,733.3,5/7/2007,10/17/2007
SOY,2007,NT,687.4,5/7/2007,10/17/2007
SOY,2007,CT,1483.3,5/7/2007,10/17/2007
SOY,2007,CT,1750.3,5/7/2007,
SOY,2007,CT,570.3,5/7/2007,
SOY,2007,CT,2166,5/7/2007,
SOY,2007,CT,627.8,5/7/2007,
SOY,2008,NT,2996,5/27/2008,10/15/2008
SOY,2008,NT,3044,5/27/2008,10/15/2008
SOY,2008,NT,2356,5/27/2008,10/15/2008
SOY,2008,NT,2325,5/27/2008,10/15/2008
SOY,2008,CT,2809,5/29/2008,10/15/2008
SOY,2008,CT,2875,5/29/2008,10/15/2008
SOY,2008,CT,2306,5/29/2008,10/15/2008
SOY,2008,CT,2311,5/29/2008,10/15/2008
SOY,2008,Org2,1510,5/29/2008,10/23/2008
SOY,2008,Org2,1574,5/29/2008,10/23/2008
SOY,2008,Org2,1600,5/29/2008,10/23/2008
SOY,2008,Org2,1228,5/29/2008,10/23/2008
SOY,2008,Org3,1304,5/29/2008,10/23/2008
SOY,2008,Org3,1787,5/29/2008,10/23/2008
SOY,2008,Org3,2421,5/29/2008,10/23/2008
SOY,2008,Org3,1550,5/29/2008,10/23/2008
SOY,2008,Org6,1632,5/29/2008,10/23/2008
SOY,2008,Org6,2180,5/29/2008,10/23/2008
SOY,2008,Org6,1752,5/29/2008,10/23/2008
SOY,2008,Org6,1692,5/29/2008,10/23/2008
SOY,2009,NT,3043,6/25/2009,11/9/2009
SOY,2009,NT,2699,6/25/2009,11/10/2009
SOY,2009,NT,2190,6/25/2009,12/18/2009
SOY,2009,NT,2509,6/25/2009,12/18/2009
SOY,2009,CT,2713,6/29/2009,11/9/2009
SOY,2009,Org2,2901,6/29/2009,11/9/2009
SOY,2009,Org3,2821,6/29/2009,11/9/2009
SOY,2009,Org6,3099,6/29/2009,11/9/2009
SOY,2009,CT,2230,6/29/2009,11/10/2009
SOY,2009,Org2,2388,6/29/2009,11/10/2009
SOY,2009,Org3,2886,6/29/2009,11/10/2009
SOY,2009,Org6,2627,6/29/2009,11/10/2009
SOY,2009,CT,1676,6/29/2009,12/18/2009
SOY,2009,CT,2540,6/29/2009,12/18/2009
SOY,2009,Org2,2805,6/29/2009,12/18/2009
SOY,2009,Org2,2608,6/29/2009,12/18/2009
SOY,2009,Org3,2134,6/29/2009,12/18/2009
SOY,2009,Org3,2493,6/29/2009,12/18/2009
SOY,2009,Org6,2390,6/29/2009,12/18/2009
SOY,2009,Org6,2846,6/29/2009,12/18/2009
SOY,2010,NT,3631,5/6/2010,10/21/2010
SOY,2010,NT,3354,5/6/2010,10/21/2010
SOY,2010,NT,3195,5/6/2010,10/21/2010
SOY,2010,NT,3132,5/6/2010,10/21/2010
SOY,2010,CT,3044,5/6/2010,10/21/2010
SOY,2010,CT,3141,5/6/2010,10/21/2010
SOY,2010,CT,2677,5/6/2010,10/21/2010
SOY,2010,CT,2663,5/6/2010,10/21/2010
SOY,2011,NT,3760,5/12/2011,11/13/2011
SOY,2011,NT,3461,5/12/2011,11/13/2011
SOY,2011,CT,2914,5/12/2011,11/13/2011
SOY,2011,CT,3219,5/12/2011,11/13/2011
SOY,2011,CT,2972,5/12/2011,11/13/2011
SOY,2011,NT,3569,5/12/2011,11/14/2011
SOY,2011,NT,3662,5/12/2011,11/14/2011
SOY,2011,CT,3189,5/12/2011,11/14/2011
SOY,2011,Org2,2212,5/27/2011,11/13/2011
SOY,2011,Org2,2264,5/27/2011,11/13/2011
SOY,2011,Org3,2617,5/27/2011,11/13/2011
SOY,2011,Org3,2499,5/27/2011,11/13/2011
SOY,2011,Org3,2464,5/27/2011,11/13/2011
SOY,2011,Org6,2861,5/27/2011,11/13/2011
SOY,2011,Org6,3037,5/27/2011,11/13/2011
SOY,2011,Org6,3706,5/27/2011,11/13/2011
SOY,2011,Org2,2458,5/27/2011,11/14/2011
SOY,2011,Org2,2219,5/27/2011,11/14/2011
SOY,2011,Org3,2157,5/27/2011,11/14/2011
SOY,2011,Org6,2557,5/27/2011,11/14/2011
SOY,2012,NT,2764,5/8/2012,10/5/2012
SOY,2012,NT,3163,5/8/2012,10/5/2012
SOY,2012,NT,2912,5/8/2012,10/5/2012
SOY,2012,NT,3313,5/8/2012,10/5/2012
SOY,2012,CT,2146,5/8/2012,10/5/2012
SOY,2012,CT,3325,5/8/2012,10/5/2012
SOY,2012,CT,2517,5/8/2012,10/5/2012
SOY,2012,CT,3237,5/8/2012,10/5/2012
SOY,2012,Org2,2143,5/19/2012,10/12/2012
SOY,2012,Org2,2297,5/19/2012,10/12/2012
SOY,2012,Org3,2275,5/19/2012,10/12/2012
SOY,2012,Org3,3152,5/19/2012,10/12/2012
SOY,2012,Org3,2795,5/19/2012,10/12/2012
SOY,2012,Org6,2573,5/19/2012,10/12/2012
SOY,2012,Org6,3402,5/19/2012,10/12/2012
SOY,2012,Org6,2986,5/19/2012,10/12/2012
SOY,2012,Org2,1977,5/19/2012,10/13/2012
SOY,2012,Org2,1552,5/19/2012,10/13/2012
SOY,2012,Org3,2282,5/19/2012,10/13/2012
SOY,2012,Org6,2373,5/19/2012,10/13/2012
SOY,2013,NT,4301,5/21/2013,10/29/2013
SOY,2013,NT,3656,5/21/2013,10/29/2013
SOY,2013,NT,4112,5/21/2013,10/29/2013
SOY,2013,NT,4234,5/21/2013,10/29/2013
SOY,2013,CT,4425,5/21/2013,10/29/2013
SOY,2013,CT,4833,5/21/2013,10/29/2013
SOY,2013,CT,4064,5/21/2013,10/29/2013
SOY,2013,CT,4688,5/21/2013,10/29/2013
SOY,2013,Org2,1656,6/6/2013,10/29/2013
SOY,2013,Org2,1363,6/6/2013,10/29/2013
SOY,2013,Org2,1279,6/6/2013,10/29/2013
SOY,2013,Org2,1353,6/6/2013,10/29/2013
SOY,2013,Org3,1018,6/6/2013,10/29/2013
SOY,2013,Org3,785,6/6/2013,10/29/2013
SOY,2013,Org3,1129,6/6/2013,10/29/2013
SOY,2013,Org3,1215,6/6/2013,10/29/2013
SOY,2013,Org6,1584,6/6/2013,10/29/2013
SOY,2013,Org6,1416,6/6/2013,10/29/2013
SOY,2013,Org6,2392,6/6/2013,10/29/2013
SOY,2013,Org6,2696,6/6/2013,10/29/2013
SOY,2014,NT,4357,6/4/2014,10/10/2014
SOY,2014,CT,4362,6/4/2014,10/10/2014
SOY,2014,NT,4822,6/4/2014,10/19/2014
SOY,2014,NT,4839,6/4/2014,10/19/2014
SOY,2014,NT,4503,6/4/2014,10/19/2014
SOY,2014,CT,4194,6/4/2014,10/19/2014
SOY,2014,CT,4642,6/4/2014,10/19/2014
SOY,2014,CT,3627,6/4/2014,10/19/2014
SOY,2014,ORG2,2798,6/17/2014,10/10/2014
SOY,2014,ORG2,3547,6/17/2014,10/10/2014
SOY,2014,ORG2,2906,6/17/2014,10/10/2014
SOY,2014,ORG3,3488,6/17/2014,10/10/2014
SOY,2014,ORG6,3624,6/17/2014,10/10/2014
SOY,2014,ORG2,3459,6/17/2014,10/11/2014
SOY,2014,ORG3,3446,6/17/2014,10/19/2014
SOY,2014,ORG3,3937,6/17/2014,10/19/2014
SOY,2014,ORG3,3596,6/17/2014,10/19/2014
SOY,2014,ORG6,3641,6/17/2014,10/19/2014
SOY,2014,ORG6,4325,6/17/2014,10/19/2014
SOY,2014,ORG6,3812,6/17/2014,10/19/2014
SOY,2015,NT,3174,5/12/2015,11/3/2015
SOY,2015,CT,2273,5/12/2015,11/4/2015
SOY,2015,CT,1497,5/12/2015,11/4/2015
SOY,2015,NT,3444,5/12/2015,11/4/2015
SOY,2015,NT,3236,5/12/2015,11/4/2015
SOY,2015,CT,2141,5/12/2015,11/16/2015
SOY,2015,NT,3608,5/12/2015,11/16/2015
SOY,2015,CT,2066,5/27/2015,11/3/2015
SOY,2015,ORG2,2285,5/27/2015,11/3/2015
SOY,2015,ORG3,1702,5/27/2015,11/3/2015
SOY,2015,ORG6,2660,5/27/2015,11/3/2015
SOY,2015,ORG2,2141,5/27/2015,11/4/2015
SOY,2015,ORG2,2734,5/27/2015,11/4/2015
SOY,2015,ORG3,2003,5/27/2015,11/4/2015
SOY,2015,ORG3,2198,5/27/2015,11/4/2015
SOY,2015,ORG6,3055,5/27/2015,11/4/2015
SOY,2015,ORG6,2414,5/27/2015,11/4/2015
SOY,2015,ORG2,1564,5/27/2015,11/16/2015
SOY,2015,ORG3,2059,5/27/2015,11/16/2015
SOY,2015,ORG6,2056,5/27/2015,11/16/2015
SOY,2016,CT,3483,6/3/2016,10/25/2016
SOY,2016,NT,4708,6/3/2016,10/25/2016
SOY,2016,CT,3583,6/3/2016,10/25/2016
SOY,2016,NT,3889,6/3/2016,10/25/2016
SOY,2016,NT,4199,6/3/2016,10/26/2016
SOY,2016,CT,4457,6/3/2016,10/26/2016
SOY,2016,CT,3562,6/3/2016,10/26/2016
SOY,2016,NT,4065,6/3/2016,10/26/2016
SOY,2016,ORG2,1731,6/9/2016,10/25/2016
SOY,2016,ORG6,4122,6/9/2016,10/25/2016
SOY,2016,ORG3,2491,6/9/2016,10/25/2016
SOY,2016,ORG6,3395,6/9/2016,10/25/2016
SOY,2016,ORG2,1617,6/9/2016,10/25/2016
SOY,2016,ORG3,2586,6/9/2016,10/25/2016
SOY,2016,ORG3,2054,6/9/2016,10/26/2016
SOY,2016,ORG6,3716,6/9/2016,10/26/2016
SOY,2016,ORG2,2332,6/9/2016,10/26/2016
SOY,2016,ORG6,3727,6/9/2016,10/26/2016
SOY,2016,ORG3,2437,6/9/2016,10/26/2016
SOY,2016,ORG2,1901,6/9/2016,10/26/2016
WHT,1997,NT,5349.3,11/4/1996,7/6/1997
WHT,1997,NT,5180.4,11/4/1996,7/6/1997
WHT,1997,CT,4858,11/4/1996,7/6/1997
WHT,1997,CT,4803,11/4/1996,7/6/1997
WHT,1997,Org3,4452.7,11/4/1996,7/6/1997
WHT,1997,Org3,5113.2,11/4/1996,7/6/1997
WHT,1997,Org3,5486.4,11/4/1996,7/6/1997
WHT,1997,Org3,2946.9,11/4/1996,7/6/1997
WHT,1998,NT,3196.5,11/4/1996,
WHT,1998,Org3,4211.7,10/16/1997,
WHT,1998,Org3,3563.7,10/16/1997,
WHT,1998,Org3,4708.4,10/16/1997,
WHT,1998,Org3,4363,10/16/1997,
WHT,1998,Org6,3801.4,10/16/1997,
WHT,1998,Org6,3779.7,10/16/1997,
WHT,1998,Org6,4838,10/16/1997,
WHT,1998,Org6,4449.3,10/16/1997,
WHT,1998,NT,3650.1,10/24/1997,
WHT,1998,NT,3671.7,10/24/1997,
WHT,1998,NT,5032.4,10/24/1997,
WHT,1998,CT,4600.4,10/24/1997,
WHT,1998,CT,4427.7,10/24/1997,
WHT,1998,CT,5745.2,10/24/1997,
WHT,1998,CT,4514,10/24/1997,
WHT,2000,NT,3497.8,10/6/1999,7/6/2000
WHT,2000,NT,2835.8,10/6/1999,7/6/2000
WHT,2000,NT,3060,10/6/1999,7/6/2000
WHT,2000,NT,3757.4,10/6/1999,7/6/2000
WHT,2000,CT,3104.2,10/6/1999,7/6/2000
WHT,2000,CT,2513.9,10/6/1999,7/6/2000
WHT,2000,CT,3203.3,10/6/1999,7/6/2000
WHT,2000,CT,3070.2,10/6/1999,7/6/2000
WHT,2000,Org3,1403.5,10/22/1999,7/6/2000
WHT,2000,Org3,1632.6,10/22/1999,7/6/2000
WHT,2000,Org3,1645.8,10/22/1999,7/6/2000
WHT,2000,Org3,1757,10/22/1999,7/6/2000
WHT,2000,Org6,1551.3,10/22/1999,7/6/2000
WHT,2000,Org6,1915.8,10/22/1999,7/6/2000
WHT,2000,Org6,1438.3,10/22/1999,7/6/2000
WHT,2000,Org6,2174.4,10/22/1999,7/6/2000
WHT,2001,NT,4352,10/17/2000,7/14/2001
WHT,2001,NT,5067.8,10/17/2000,7/14/2001
WHT,2001,NT,4681.5,10/17/2000,7/14/2001
WHT,2001,NT,4432.1,10/17/2000,7/14/2001
WHT,2001,CT,4348.6,10/17/2000,7/14/2001
WHT,2001,CT,5017.6,10/17/2000,7/14/2001
WHT,2001,CT,5370.6,10/17/2000,7/14/2001
WHT,2001,CT,4414.8,10/17/2000,7/14/2001
WHT,2001,Org3,5233.4,10/24/2000,7/14/2001
WHT,2001,Org3,5064.8,10/24/2000,7/14/2001
WHT,2001,Org3,5685.5,10/24/2000,7/14/2001
WHT,2001,Org3,4961,10/24/2000,7/14/2001
WHT,2001,Org6,5287.3,10/24/2000,7/14/2001
WHT,2001,Org6,5568.8,10/24/2000,7/14/2001
WHT,2001,Org6,5840.4,10/24/2000,7/14/2001
WHT,2001,Org6,5314.3,10/24/2000,7/14/2001
WHT,2002,NT,3880.1,10/26/2001,6/26/2002
WHT,2002,NT,4002.1,10/26/2001,6/26/2002
WHT,2002,NT,3543.6,10/26/2001,6/26/2002
WHT,2002,NT,4685.6,10/26/2001,6/26/2002
WHT,2002,CT,5021.2,10/26/2001,6/26/2002
WHT,2002,CT,4535.8,10/26/2001,6/26/2002
WHT,2002,CT,5427.8,10/26/2001,6/26/2002
WHT,2002,CT,5057.2,10/26/2001,6/26/2002
WHT,2002,Org3,4456.7,10/26/2001,6/26/2002
WHT,2002,Org3,4757.3,10/26/2001,6/26/2002
WHT,2002,Org3,4533.3,10/26/2001,6/26/2002
WHT,2002,Org3,5381.7,10/26/2001,6/26/2002
WHT,2002,Org6,5171.5,10/26/2001,6/26/2002
WHT,2002,Org6,5449.6,10/26/2001,6/26/2002
WHT,2002,Org6,5478.7,10/26/2001,6/26/2002
WHT,2002,Org6,5711.1,10/26/2001,6/26/2002
WHT,2005,NT,5124.2,11/1/2004,7/7/2005
WHT,2005,NT,4650.8,11/1/2004,7/7/2005
WHT,2005,NT,5795.6,11/1/2004,7/7/2005
WHT,2005,NT,4579.2,11/1/2004,7/7/2005
WHT,2005,CT,5108.7,11/1/2004,7/7/2005
WHT,2005,CT,4813.8,11/1/2004,7/7/2005
WHT,2005,CT,4858,11/1/2004,7/7/2005
WHT,2005,CT,5230.2,11/1/2004,7/7/2005
WHT,2006,NT,4657.2,11/4/2005,7/10/2006
WHT,2006,NT,5061.5,11/4/2005,7/10/2006
WHT,2006,NT,5362.2,11/4/2005,7/10/2006
WHT,2006,CT,4936.4,11/4/2005,7/10/2006
WHT,2006,CT,5640,11/4/2005,7/10/2006
WHT,2006,CT,6300.9,11/4/2005,7/10/2006
WHT,2006,CT,5040.8,11/4/2005,7/10/2006
WHT,2006,Org3,4524.3,11/4/2005,7/10/2006
WHT,2006,Org3,3886,11/4/2005,7/10/2006
WHT,2006,Org3,5412.2,11/4/2005,7/10/2006
WHT,2006,Org3,3692.3,11/4/2005,7/10/2006
WHT,2006,Org6,4546.2,11/4/2005,7/10/2006
WHT,2006,Org6,3507.7,11/4/2005,7/10/2006
WHT,2006,Org6,5359.4,11/4/2005,7/10/2006
WHT,2006,Org6,3493.7,11/4/2005,7/10/2006
WHT,2008,Org3,5241,10/20/2007,6/25/2008
WHT,2008,Org3,4567,10/20/2007,6/25/2008
WHT,2008,Org3,5485,10/20/2007,6/25/2008
WHT,2008,Org3,4720,10/20/2007,6/25/2008
WHT,2008,Org6,5626,10/20/2007,6/25/2008
WHT,2008,Org6,5175,10/20/2007,6/25/2008
WHT,2008,Org6,4959,10/20/2007,6/25/2008
WHT,2008,Org6,4977,10/20/2007,6/25/2008
WHT,2008,NT,5992,10/22/2007,6/25/2008
WHT,2008,NT,5508,10/22/2007,6/25/2008
WHT,2008,NT,6967,10/22/2007,6/25/2008
WHT,2008,NT,6219,10/22/2007,6/25/2008
WHT,2008,CT,6454,10/22/2007,6/25/2008
WHT,2008,CT,5251,10/22/2007,6/25/2008
WHT,2008,CT,6224,10/22/2007,6/25/2008
WHT,2008,CT,5350,10/22/2007,6/25/2008
WHT,2009,NT,4588,11/1/2008,7/4/2009
WHT,2009,NT,4171,11/1/2008,7/4/2009
WHT,2009,NT,4361,11/1/2008,7/4/2009
WHT,2009,NT,3512,11/1/2008,7/4/2009
WHT,2009,CT,4432,11/1/2008,7/4/2009
WHT,2009,CT,3693,11/1/2008,7/4/2009
WHT,2009,CT,4028,11/1/2008,7/4/2009
WHT,2009,CT,3817,11/1/2008,7/4/2009
WHT,2009,Org3,4388,11/1/2008,7/4/2009
WHT,2009,Org3,3432,11/1/2008,7/4/2009
WHT,2009,Org3,3844,11/1/2008,7/4/2009
WHT,2009,Org3,3757,11/1/2008,7/4/2009
WHT,2009,Org6,4029,11/1/2008,7/4/2009
WHT,2009,Org6,3950,11/1/2008,7/4/2009
WHT,2009,Org6,3802,11/1/2008,7/4/2009
WHT,2009,Org6,3801,11/1/2008,7/4/2009
WHT,2011,NT,4813,10/25/2010,6/30/2011
WHT,2011,NT,5097,10/25/2010,6/30/2011
WHT,2011,NT,4028,10/25/2010,6/30/2011
WHT,2011,NT,3994,10/25/2010,6/30/2011
WHT,2011,CT,4723,10/25/2010,6/30/2011
WHT,2011,CT,3672,10/25/2010,6/30/2011
WHT,2011,CT,4150,10/25/2010,6/30/2011
WHT,2011,CT,3996,10/25/2010,6/30/2011
WHT,2011,Org3,4838,10/25/2010,6/30/2011
WHT,2011,Org3,4635,10/25/2010,6/30/2011
WHT,2011,Org3,5210,10/25/2010,6/30/2011
WHT,2011,Org3,5022,10/25/2010,6/30/2011
WHT,2011,Org6,5323,10/25/2010,6/30/2011
WHT,2011,Org6,5202,10/25/2010,6/30/2011
WHT,2011,Org6,5721,10/25/2010,6/30/2011
WHT,2011,Org6,5316,10/25/2010,6/30/2011
WHT,2012,NT,3544,11/15/2011,6/22/2012
WHT,2012,NT,4019,11/15/2011,6/22/2012
WHT,2012,NT,4090,11/15/2011,6/22/2012
WHT,2012,NT,3927,11/15/2011,6/22/2012
WHT,2012,CT,3316,11/15/2011,6/22/2012
WHT,2012,CT,2809,11/15/2011,6/22/2012
WHT,2012,CT,3846,11/15/2011,6/22/2012
WHT,2012,CT,2485,11/15/2011,6/22/2012
WHT,2012,Org3,2744,11/15/2011,6/22/2012
WHT,2012,Org3,1783,11/15/2011,6/22/2012
WHT,2012,Org3,2799,11/15/2011,6/22/2012
WHT,2012,Org3,2568,11/15/2011,6/22/2012
WHT,2012,Org6,3777,11/15/2011,6/22/2012
WHT,2012,Org6,2369,11/15/2011,6/22/2012
WHT,2012,Org6,3584,11/15/2011,6/22/2012
WHT,2012,Org6,2849,11/15/2011,6/22/2012
WHT,2013,NT,5032,10/22/2012,7/15/2013
WHT,2013,NT,5024,10/22/2012,7/15/2013
WHT,2013,NT,5236,10/22/2012,7/15/2013
WHT,2013,NT,5670,10/22/2012,7/15/2013
WHT,2013,CT,4643,10/22/2012,7/15/2013
WHT,2013,CT,4507,10/22/2012,7/15/2013
WHT,2013,CT,5159,10/22/2012,7/15/2013
WHT,2013,CT,5432,10/22/2012,7/15/2013
WHT,2013,Org3,5636,10/22/2012,7/15/2013
WHT,2013,Org3,4412,10/22/2012,7/15/2013
WHT,2013,Org3,5500,10/22/2012,7/15/2013
WHT,2013,Org3,5483,10/22/2012,7/15/2013
WHT,2013,Org6,5353,10/22/2012,7/15/2013
WHT,2013,Org6,4366,10/22/2012,7/15/2013
WHT,2013,Org6,5182,10/22/2012,7/15/2013
WHT,2013,Org6,5084,10/22/2012,7/15/2013
WHT,2014,NT,4192,11/5/2013,7/8/2014
WHT,2014,NT,4716,11/5/2013,7/8/2014
WHT,2014,NT,4047,11/5/2013,7/8/2014
WHT,2014,NT,4647,11/5/2013,7/8/2014
WHT,2014,CT,5040,11/5/2013,7/8/2014
WHT,2014,CT,5014,11/5/2013,7/8/2014
WHT,2014,CT,4874,11/5/2013,7/8/2014
WHT,2014,CT,5120,11/5/2013,7/8/2014
WHT,2014,ORG3,3433,11/5/2013,7/8/2014
WHT,2014,ORG3,4046,11/5/2013,7/8/2014
WHT,2014,ORG3,3025,11/5/2013,7/8/2014
WHT,2014,ORG3,4523,11/5/2013,7/8/2014
WHT,2014,ORG6,4168,11/5/2013,7/8/2014
WHT,2014,ORG6,3950,11/5/2013,7/8/2014
WHT,2014,ORG6,4315,11/5/2013,7/8/2014
WHT,2014,ORG6,4068,11/5/2013,7/8/2014
WHT,2015,CT,4043,10/21/2014,7/12/2015
WHT,2015,NT,3096,10/21/2014,7/12/2015
WHT,2015,ORG3,3855,10/21/2014,7/12/2015
WHT,2015,ORG6,4269,10/21/2014,7/12/2015
WHT,2015,ORG3,3818,10/21/2014,7/12/2015
WHT,2015,NT,4046,10/21/2014,7/12/2015
WHT,2015,ORG6,4291,10/21/2014,7/12/2015
WHT,2015,CT,4449,10/21/2014,7/12/2015
WHT,2015,CT,4357,10/21/2014,7/12/2015
WHT,2015,NT,3417,10/21/2014,7/12/2015
WHT,2015,ORG6,3991,10/21/2014,7/12/2015
WHT,2015,ORG3,3928,10/21/2014,7/12/2015
WHT,2015,ORG6,3755,10/21/2014,7/12/2015
WHT,2015,ORG3,3585,10/21/2014,7/12/2015
WHT,2015,CT,4746,10/21/2014,7/12/2015
WHT,2015,NT,4335,10/21/2014,7/12/2015
WHT,2016,NT,4182,11/17/2015,7/7/2016
WHT,2016,CT,2957,11/17/2015,7/7/2016
WHT,2016,ORG3,1969,11/17/2015,7/7/2016
WHT,2016,ORG6,2959,11/17/2015,7/7/2016
WHT,2016,ORG6,2454,11/17/2015,7/11/2016
WHT,2016,ORG3,2480,11/17/2015,7/11/2016
WHT,2016,CT,3195,11/17/2015,7/11/2016
WHT,2016,NT,3043,11/17/2015,7/11/2016
WHT,2016,ORG3,2479,11/17/2015,7/11/2016
WHT,2016,NT,2871,11/17/2015,7/11/2016
WHT,2016,ORG6,3013,11/17/2015,7/11/2016
WHT,2016,CT,2850,11/17/2015,7/11/2016
WHT,2016,NT,3606,11/17/2015,7/11/2016
WHT,2016,CT,1589,11/17/2015,7/11/2016
WHT,2016,ORG3,3142,11/17/2015,7/11/2016
WHT,2016,ORG6,3323,11/17/2015,7/11/2016
